{
  "features": [
    "temp_c",
    "humidity",
    "cloudcover",
    "pressure",
    "wind_speed",
    "precip_mm",
    "rain_mm",
    "d_temp_c",
    "d_humidity",
    "d_cloudcover",
    "d_pressure",
    "d_wind_speed",
    "d_precip_mm",
    "d_rain_mm",
    "ma3_temp_c",
    "ma3_humidity",
    "ma3_cloudcover",
    "ma3_pressure",
    "ma3_wind_speed",
    "ma3_precip_mm",
    "ma3_rain_mm"
  ],
  "horizon_hours": 12,
  "thresholds": {
    "default": 0.22239363491823944,
    "high_recall": 0.22239363491823944,
    "high_precision": 0.745196376322855
  },
  "metrics": {
    "default": {
      "threshold": 0.22239363491823944,
      "precision": 0.8433098591549296,
      "recall": 0.98559670781893,
      "f1": 0.9089184060721063,
      "auc": 0.7839506172839507,
      "cm": [
        [
          13,
          89
        ],
        [
          7,
          479
        ]
      ]
    },
    "high_recall": {
      "threshold": 0.22239363491823944,
      "precision": 0.8433098591549296,
      "recall": 0.98559670781893,
      "f1": 0.9089184060721063,
      "auc": 0.7839506172839507,
      "cm": [
        [
          13,
          89
        ],
        [
          7,
          479
        ]
      ]
    },
    "high_precision": {
      "threshold": 0.745196376322855,
      "precision": 0.9033018867924528,
      "recall": 0.7880658436213992,
      "f1": 0.8417582417582418,
      "auc": 0.7839506172839507,
      "cm": [
        [
          61,
          41
        ],
        [
          103,
          383
        ]
      ]
    }
  }
}